id,caption,imageUrl
annual-meeting-2024-1,Annual Meeting 2024,/events/annual meeting 2024-1.jpg
annual-meeting-2024-2,Annual Meeting 2024,/events/annual meeting 2024-2.jpg
annual-meeting-2024-3,Annual Meeting 2024,/events/annual meeting 2024-3.jpg
pilot-exam-2024-1,A/L Pilot Exam 2024,/events/annual pilot exam 2024-1.jpg
pilot-exam-2024-2,A/L Pilot Exam 2024,/events/annual pilot exam 2024-2.jpg
course-2024-1,Course Selection Seminar 2024,/events/course selection 2024-1.jpg
course-2024-2,Course Selection Seminar 2024,/events/course selection 2024-2.jpg
course-2024-3,Course Selection Seminar 2024,/events/course selection 2024-3.jpg
course-2024-4,Course Selection Seminar 2024,/events/course selection 2024-4.jpg
pongal-2025-1,Mathuram Thai Pongal 2025,/events/mathuram pongal 2025-1.jpg
pongal-2025-2,Mathuram Thai Pongal 2025,/events/mathuram pongal 2025-2.jpg
pongal-2025-3,Mathuram Thai Pongal 2025,/events/mathuram pongal 2025-3.jpg
office-ceremony-1,Office Opening Ceremony,/events/office openbing ceremony -1.jpg
office-ceremony-2,Office Opening Ceremony,/events/office openbing ceremony -2.jpg
office-ceremony-3,Office Opening Ceremony,/events/office openbing ceremony -3.jpg
