id,title,description,category,imageUrl,createdAt
pongal-2025-2,Mathuram Thai Pongal 2025,,EVENTS,https://drive.google.com/thumbnail?id=1R95Fj06PlHuDd96irJJi7XLAxapctIms&sz=w800,2025-01-14
pongal-2025-3,Mathuram Thai Pongal 2025,,EVENTS,https://drive.google.com/thumbnail?id=1b9r0PJImUPDQo0P8byPwjJH5iwZweWJZ&sz=w800,2025-01-14
pongal-2025-4,Mathuram Thai Pongal 2025,,EVENTS,https://drive.google.com/thumbnail?id=1EVndbTYJeGn14lehQGZwFtp2kKM6ceyF&sz=w800,2025-01-14
pongal-2025-5,Mathuram Thai Pongal 2025,,EVENTS,https://drive.google.com/thumbnail?id=11vDAWYCEggj2HrzZ3V0yoP0EHbPxPnbP&sz=w800,2025-01-14
pongal-2025-6,Mathuram Thai Pongal 2025,,EVENTS,https://drive.google.com/thumbnail?id=13RVgGYVNOqo9InizZdR-c6sNvrwanlGZ&sz=w800,2025-01-14
pongal-2025-7,Mathuram Thai Pongal 2025,,EVENTS,https://drive.google.com/thumbnail?id=13lhF4YZ19Ntbfhq-zRn_jSLUXDWfzABk&sz=w800,2025-01-14
pongal-2025-8,Mathuram Thai Pongal 2025,,EVENTS,https://drive.google.com/thumbnail?id=1KSFj34dPlU9qbAll4JiovEEujVwbjI4e&sz=w800,2025-01-14
pongal-2025-9,Mathuram Thai Pongal 2025,,EVENTS,https://drive.google.com/thumbnail?id=1Ad4aG5tJtys3HrA8uRQZpLQurEe3gojx&sz=w800,2025-01-14
pongal-2025-10,Mathuram Thai Pongal 2025,,EVENTS,https://drive.google.com/thumbnail?id=19iBM19LZdhwZ8NS2HroHlHW_wlj3AwYC&sz=w800,2025-01-14
pongal-2025-11,Mathuram Thai Pongal 2025,,EVENTS,https://drive.google.com/thumbnail?id=1_iixXPIGyTgyBlImM4H_rcb84V5TdOV5&sz=w800,2025-01-14
